Day,Start Time,Project
Wednesday 03-Oct-2024,10:00 AM,QC System
Wednesday 03-Oct-2024,11:00 AM,Mapping project
Wednesday 03-Oct-2024,12:00 PM,QC System
Wednesday 03-Oct-2024,02:00 PM,Admin Work
Wednesday 03-Oct-2024,03:00 PM,Admin Work
Wednesday 03-Oct-2024,04:00 PM,Mapping project
Wednesday 03-Oct-2024,05:00 PM,QC System
Wednesday 03-Oct-2024,06:00 PM,Mapping project
Wednesday 03-Oct-2024,07:00 PM,Mapping project
Wednesday 03-Oct-2024,08:00 PM,QC System
Wednesday 03-Oct-2024,09:00 PM,QC System
Wednesday 03-Oct-2024,10:00 PM,Mapping project
Saturday 06-Oct-2024,01:30 PM,Mapping project
Saturday 06-Oct-2024,02:30 PM,Mapping project
Saturday 06-Oct-2024,03:30 PM,Mapping project
Saturday 06-Oct-2024,04:30 PM,Mapping project
Saturday 06-Oct-2024,05:30 PM,Mapping project
Saturday 06-Oct-2024,06:30 PM,Mapping project
Saturday 06-Oct-2024,07:30 PM,Admin Work
Saturday 06-Oct-2024,08:30 PM,Admin Work
Saturday 06-Oct-2024,09:30 PM,Mapping project
